http://id.nlm.nih.gov/mesh/D009021	http://purl.obolibrary.org/obo/DOID_2560	0.8
http://id.nlm.nih.gov/mesh/D001890	http://purl.obolibrary.org/obo/DOID_5154	0.6
http://id.nlm.nih.gov/mesh/D007806	http://purl.obolibrary.org/obo/DOID_93	0.7
http://id.nlm.nih.gov/mesh/D014190	http://purl.obolibrary.org/obo/DOID_1233	0.66
http://id.nlm.nih.gov/mesh/D020018	http://purl.obolibrary.org/obo/DOID_10132	0.67
http://id.nlm.nih.gov/mesh/D010019	http://purl.obolibrary.org/obo/DOID_1019	0.6
http://id.nlm.nih.gov/mesh/D001988	http://purl.obolibrary.org/obo/DOID_2942	0.52
http://id.nlm.nih.gov/mesh/D013354	http://purl.obolibrary.org/obo/DOID_11389	0.55
http://id.nlm.nih.gov/mesh/D020182	http://purl.obolibrary.org/obo/DOID_0060731	0.52
http://id.nlm.nih.gov/mesh/D004679	http://purl.obolibrary.org/obo/DOID_640	0.54
http://id.nlm.nih.gov/mesh/D007169	http://purl.obolibrary.org/obo/DOID_8504	0.56
http://id.nlm.nih.gov/mesh/D010284	http://purl.obolibrary.org/obo/DOID_3055	0.65
http://id.nlm.nih.gov/mesh/D006556	http://purl.obolibrary.org/obo/DOID_9976	0.8
http://id.nlm.nih.gov/mesh/D010495	http://purl.obolibrary.org/obo/DOID_4962	0.66
http://id.nlm.nih.gov/mesh/D014120	http://purl.obolibrary.org/obo/DOID_9790	0.57
http://id.nlm.nih.gov/mesh/D000098647	http://purl.obolibrary.org/obo/DOID_14320	0.85
http://id.nlm.nih.gov/mesh/D014007	http://purl.obolibrary.org/obo/DOID_4336	0.78
http://id.nlm.nih.gov/mesh/D018088	http://purl.obolibrary.org/obo/DOID_401	0.62
http://id.nlm.nih.gov/mesh/D020269	http://purl.obolibrary.org/obo/DOID_14183	0.53
http://id.nlm.nih.gov/mesh/D000067877	http://purl.obolibrary.org/obo/DOID_0060041	0.8
http://id.nlm.nih.gov/mesh/D003141	http://purl.obolibrary.org/obo/DOID_0050117	0.54
http://id.nlm.nih.gov/mesh/D003693	http://purl.obolibrary.org/obo/DOID_8645	0.74
http://id.nlm.nih.gov/mesh/D045908	http://purl.obolibrary.org/obo/DOID_3292	0.73
http://id.nlm.nih.gov/mesh/D017726	http://purl.obolibrary.org/obo/DOID_0080160	0.67
http://id.nlm.nih.gov/mesh/D003715	http://purl.obolibrary.org/obo/DOID_12205	0.8
http://id.nlm.nih.gov/mesh/D005847	http://purl.obolibrary.org/obo/DOID_2832	0.63
http://id.nlm.nih.gov/mesh/D014252	http://purl.obolibrary.org/obo/DOID_1255	0.77
http://id.nlm.nih.gov/mesh/D000292	http://purl.obolibrary.org/obo/DOID_1003	0.58
http://id.nlm.nih.gov/mesh/D008989	http://purl.obolibrary.org/obo/DOID_931	0.7
http://id.nlm.nih.gov/mesh/D009293	http://purl.obolibrary.org/obo/DOID_11206	0.59
http://id.nlm.nih.gov/mesh/D012488	http://purl.obolibrary.org/obo/DOID_5733	0.54
http://id.nlm.nih.gov/mesh/D021865	http://purl.obolibrary.org/obo/DOID_2112	0.67
http://id.nlm.nih.gov/mesh/D019957	http://purl.obolibrary.org/obo/DOID_9923	0.56
http://id.nlm.nih.gov/mesh/D006481	http://purl.obolibrary.org/obo/DOID_992	0.62
http://id.nlm.nih.gov/mesh/D002179	http://purl.obolibrary.org/obo/DOID_0080161	0.77
http://id.nlm.nih.gov/mesh/D007827	http://purl.obolibrary.org/obo/DOID_3437	0.54
http://id.nlm.nih.gov/mesh/D046589	http://purl.obolibrary.org/obo/DOID_13945	0.53
http://id.nlm.nih.gov/mesh/D040921	http://purl.obolibrary.org/obo/DOID_6088	0.7
http://id.nlm.nih.gov/mesh/D005891	http://purl.obolibrary.org/obo/DOID_3087	0.63
http://id.nlm.nih.gov/mesh/D004169	http://purl.obolibrary.org/obo/DOID_10075	0.67
http://id.nlm.nih.gov/mesh/D020181	http://purl.obolibrary.org/obo/DOID_0050848	0.72
http://id.nlm.nih.gov/mesh/D004685	http://purl.obolibrary.org/obo/DOID_9584	0.68
http://id.nlm.nih.gov/mesh/D020182	http://purl.obolibrary.org/obo/DOID_9220	0.85
http://id.nlm.nih.gov/mesh/D012514	http://purl.obolibrary.org/obo/DOID_8632	0.57
http://id.nlm.nih.gov/mesh/D034062	http://purl.obolibrary.org/obo/DOID_0050433	0.6
http://id.nlm.nih.gov/mesh/D012221	http://purl.obolibrary.org/obo/DOID_4481	0.62
http://id.nlm.nih.gov/mesh/D006479	http://purl.obolibrary.org/obo/DOID_12287	0.63
http://id.nlm.nih.gov/mesh/D009357	http://purl.obolibrary.org/obo/DOID_9828	0.65
http://id.nlm.nih.gov/mesh/D000453	http://purl.obolibrary.org/obo/DOID_2934	0.78
http://id.nlm.nih.gov/mesh/D000072861	http://purl.obolibrary.org/obo/DOID_11257	0.81
http://id.nlm.nih.gov/mesh/D009869	http://purl.obolibrary.org/obo/DOID_10974	0.53
http://id.nlm.nih.gov/mesh/D010260	http://purl.obolibrary.org/obo/DOID_10938	0.84
http://id.nlm.nih.gov/mesh/D020306	http://purl.obolibrary.org/obo/DOID_1638	0.67
http://id.nlm.nih.gov/mesh/D014396	http://purl.obolibrary.org/obo/DOID_106	0.64
http://id.nlm.nih.gov/mesh/D000381	http://purl.obolibrary.org/obo/DOID_4540	0.69
http://id.nlm.nih.gov/mesh/D005211	http://purl.obolibrary.org/obo/DOID_885	0.64
http://id.nlm.nih.gov/mesh/D014253	http://purl.obolibrary.org/obo/DOID_1254	0.71
http://id.nlm.nih.gov/mesh/D002862	http://purl.obolibrary.org/obo/DOID_1562	0.67
http://id.nlm.nih.gov/mesh/D014136	http://purl.obolibrary.org/obo/DOID_9392	0.57
http://id.nlm.nih.gov/mesh/D009877	http://purl.obolibrary.org/obo/DOID_4692	0.6
http://id.nlm.nih.gov/mesh/D010854	http://purl.obolibrary.org/obo/DOID_0050133	0.56
http://id.nlm.nih.gov/mesh/D012891	http://purl.obolibrary.org/obo/DOID_0080302	0.71
http://id.nlm.nih.gov/mesh/D010930	http://purl.obolibrary.org/obo/DOID_3482	0.54
http://id.nlm.nih.gov/mesh/D007172	http://purl.obolibrary.org/obo/DOID_1875	0.67
http://id.nlm.nih.gov/mesh/D004165	http://purl.obolibrary.org/obo/DOID_11405	0.55
http://id.nlm.nih.gov/mesh/D005213	http://purl.obolibrary.org/obo/DOID_1217	0.7
http://id.nlm.nih.gov/mesh/D006558	http://purl.obolibrary.org/obo/DOID_8704	0.91
http://id.nlm.nih.gov/mesh/D020236	http://purl.obolibrary.org/obo/DOID_13027	0.8
http://id.nlm.nih.gov/mesh/D009878	http://purl.obolibrary.org/obo/DOID_9699	0.64
http://id.nlm.nih.gov/mesh/D001008	http://purl.obolibrary.org/obo/DOID_2030	0.87
http://id.nlm.nih.gov/mesh/D001198	http://purl.obolibrary.org/obo/DOID_3108	0.65
http://id.nlm.nih.gov/mesh/D012852	http://purl.obolibrary.org/obo/DOID_0050127	0.67
http://id.nlm.nih.gov/mesh/D000437	http://purl.obolibrary.org/obo/DOID_1574	0.64
http://id.nlm.nih.gov/mesh/D002169	http://purl.obolibrary.org/obo/DOID_13622	0.55
http://id.nlm.nih.gov/mesh/D009293	http://purl.obolibrary.org/obo/DOID_2559	0.74
http://id.nlm.nih.gov/mesh/D019595	http://purl.obolibrary.org/obo/DOID_12206	0.78
http://id.nlm.nih.gov/mesh/D016098	http://purl.obolibrary.org/obo/DOID_4249	0.65
http://id.nlm.nih.gov/mesh/D006660	http://purl.obolibrary.org/obo/DOID_1731	0.6
http://id.nlm.nih.gov/mesh/D002659	http://purl.obolibrary.org/obo/DOID_0060040	0.75
http://id.nlm.nih.gov/mesh/D010378	http://purl.obolibrary.org/obo/DOID_13351	0.69
http://id.nlm.nih.gov/mesh/D003457	http://purl.obolibrary.org/obo/DOID_1733	0.7
http://id.nlm.nih.gov/mesh/D000092225	http://purl.obolibrary.org/obo/DOID_0050598	0.84
http://id.nlm.nih.gov/mesh/D006561	http://purl.obolibrary.org/obo/DOID_8566	0.78
http://id.nlm.nih.gov/mesh/D017189	http://purl.obolibrary.org/obo/DOID_12474	0.58
http://id.nlm.nih.gov/mesh/D001742	http://purl.obolibrary.org/obo/DOID_14068	0.67
http://id.nlm.nih.gov/mesh/D016773	http://purl.obolibrary.org/obo/DOID_9111	0.75
http://id.nlm.nih.gov/mesh/D019970	http://purl.obolibrary.org/obo/DOID_9975	0.59
http://id.nlm.nih.gov/mesh/D060585	http://purl.obolibrary.org/obo/DOID_0050289	0.64
http://id.nlm.nih.gov/mesh/D014552	http://purl.obolibrary.org/obo/DOID_0080784	0.55
http://id.nlm.nih.gov/mesh/D015523	http://purl.obolibrary.org/obo/DOID_2051	0.62
http://id.nlm.nih.gov/mesh/D015522	http://purl.obolibrary.org/obo/DOID_10791	0.62
http://id.nlm.nih.gov/mesh/D012719	http://purl.obolibrary.org/obo/DOID_1079	0.71
http://id.nlm.nih.gov/mesh/D016262	http://purl.obolibrary.org/obo/DOID_4952	0.67
http://id.nlm.nih.gov/mesh/D001883	http://purl.obolibrary.org/obo/DOID_10930	0.74
http://id.nlm.nih.gov/mesh/D006188	http://purl.obolibrary.org/obo/DOID_3332	0.71
http://id.nlm.nih.gov/mesh/D000849	http://purl.obolibrary.org/obo/DOID_4541	0.73
http://id.nlm.nih.gov/mesh/D014387	http://purl.obolibrary.org/obo/DOID_1583	0.56
http://id.nlm.nih.gov/mesh/D001037	http://purl.obolibrary.org/obo/DOID_0060046	0.67
http://id.nlm.nih.gov/mesh/D010029	http://purl.obolibrary.org/obo/DOID_3985	0.71
http://id.nlm.nih.gov/mesh/D001170	http://purl.obolibrary.org/obo/DOID_813	0.65
http://id.nlm.nih.gov/mesh/D015605	http://purl.obolibrary.org/obo/DOID_8956	0.65
http://id.nlm.nih.gov/mesh/D014843	http://purl.obolibrary.org/obo/DOID_10834	0.69
http://id.nlm.nih.gov/mesh/D012608	http://purl.obolibrary.org/obo/DOID_5434	0.65
http://id.nlm.nih.gov/mesh/D015299	http://purl.obolibrary.org/obo/DOID_10986	0.55
http://id.nlm.nih.gov/mesh/D003235	http://purl.obolibrary.org/obo/DOID_13800	0.72
http://id.nlm.nih.gov/mesh/D000196	http://purl.obolibrary.org/obo/DOID_8478	0.61
http://id.nlm.nih.gov/mesh/D007877	http://purl.obolibrary.org/obo/DOID_0050150	0.64
http://id.nlm.nih.gov/mesh/D012295	http://purl.obolibrary.org/obo/DOID_1328	0.61
http://id.nlm.nih.gov/mesh/D014615	http://purl.obolibrary.org/obo/DOID_3298	0.65
http://id.nlm.nih.gov/mesh/D058285	http://purl.obolibrary.org/obo/DOID_0050266	0.7
http://id.nlm.nih.gov/mesh/D008976	http://purl.obolibrary.org/obo/DOID_8867	0.8
http://id.nlm.nih.gov/mesh/D018549	http://purl.obolibrary.org/obo/DOID_0050157	0.52
http://id.nlm.nih.gov/mesh/D013202	http://purl.obolibrary.org/obo/DOID_96	0.56
http://id.nlm.nih.gov/mesh/D014141	http://purl.obolibrary.org/obo/DOID_11265	0.62
http://id.nlm.nih.gov/mesh/D016890	http://purl.obolibrary.org/obo/DOID_4270	0.7
http://id.nlm.nih.gov/mesh/D021866	http://purl.obolibrary.org/obo/DOID_12750	0.67
http://id.nlm.nih.gov/mesh/D020235	http://purl.obolibrary.org/obo/DOID_4260	0.59
http://id.nlm.nih.gov/mesh/D004886	http://purl.obolibrary.org/obo/DOID_11330	0.58
http://id.nlm.nih.gov/mesh/D007000	http://purl.obolibrary.org/obo/DOID_12926	0.77
http://id.nlm.nih.gov/mesh/D008158	http://purl.obolibrary.org/obo/DOID_4558	0.64
http://id.nlm.nih.gov/mesh/D007876	http://purl.obolibrary.org/obo/DOID_10458	0.63
http://id.nlm.nih.gov/mesh/D013587	http://purl.obolibrary.org/obo/DOID_4166	0.73
http://id.nlm.nih.gov/mesh/D014398	http://purl.obolibrary.org/obo/DOID_9733	0.69
http://id.nlm.nih.gov/mesh/D014235	http://purl.obolibrary.org/obo/DOID_9784	0.65
http://id.nlm.nih.gov/mesh/D004716	http://purl.obolibrary.org/obo/DOID_1002	0.53
http://id.nlm.nih.gov/mesh/D014323	http://purl.obolibrary.org/obo/DOID_8399	0.77
http://id.nlm.nih.gov/mesh/D007897	http://purl.obolibrary.org/obo/DOID_9155	0.75
http://id.nlm.nih.gov/mesh/D005715	http://purl.obolibrary.org/obo/DOID_12399	0.73
http://id.nlm.nih.gov/mesh/D065632	http://purl.obolibrary.org/obo/DOID_0050012	0.73
http://id.nlm.nih.gov/mesh/D009814	http://purl.obolibrary.org/obo/DOID_3983	0.65
http://id.nlm.nih.gov/mesh/D020817	http://purl.obolibrary.org/obo/DOID_0050432	0.86
http://id.nlm.nih.gov/mesh/D003859	http://purl.obolibrary.org/obo/DOID_10931	0.84
http://id.nlm.nih.gov/mesh/D011001	http://purl.obolibrary.org/obo/DOID_14319	0.63
http://id.nlm.nih.gov/mesh/D010854	http://purl.obolibrary.org/obo/DOID_12711	0.65
http://id.nlm.nih.gov/mesh/D016917	http://purl.obolibrary.org/obo/DOID_0060345	0.79
http://id.nlm.nih.gov/mesh/D004653	http://purl.obolibrary.org/obo/DOID_3798	0.62
http://id.nlm.nih.gov/mesh/D013031	http://purl.obolibrary.org/obo/DOID_10080	0.57
http://id.nlm.nih.gov/mesh/D009889	http://purl.obolibrary.org/obo/DOID_13768	0.6
http://id.nlm.nih.gov/mesh/D020018	http://purl.obolibrary.org/obo/DOID_13868	0.59
http://id.nlm.nih.gov/mesh/D012559	http://purl.obolibrary.org/obo/DOID_0070086	0.53
http://id.nlm.nih.gov/mesh/D012061	http://purl.obolibrary.org/obo/DOID_13036	0.57
http://id.nlm.nih.gov/mesh/D012061	http://purl.obolibrary.org/obo/DOID_13035	0.57
http://id.nlm.nih.gov/mesh/D012061	http://purl.obolibrary.org/obo/DOID_13034	0.57
http://id.nlm.nih.gov/mesh/D019052	http://purl.obolibrary.org/obo/DOID_9478	0.71
http://id.nlm.nih.gov/mesh/D001289	http://purl.obolibrary.org/obo/DOID_1094	0.65
http://id.nlm.nih.gov/mesh/D000097165	http://purl.obolibrary.org/obo/DOID_2745	0.74
http://id.nlm.nih.gov/mesh/D016780	http://purl.obolibrary.org/obo/DOID_12978	0.68
http://id.nlm.nih.gov/mesh/D011015	http://purl.obolibrary.org/obo/DOID_0050152	0.62
http://id.nlm.nih.gov/mesh/D003527	http://purl.obolibrary.org/obo/DOID_845	0.81
http://id.nlm.nih.gov/mesh/D016643	http://purl.obolibrary.org/obo/DOID_5435	0.65
http://id.nlm.nih.gov/mesh/D012772	http://purl.obolibrary.org/obo/DOID_14115	0.57
http://id.nlm.nih.gov/mesh/D014245	http://purl.obolibrary.org/obo/DOID_1947	0.56
http://id.nlm.nih.gov/mesh/D006506	http://purl.obolibrary.org/obo/DOID_12549	0.64
http://id.nlm.nih.gov/mesh/D003881	http://purl.obolibrary.org/obo/DOID_1563	0.65
http://id.nlm.nih.gov/mesh/D008583	http://purl.obolibrary.org/obo/DOID_0080179	0.67
http://id.nlm.nih.gov/mesh/D011605	http://purl.obolibrary.org/obo/DOID_8646	0.82
http://id.nlm.nih.gov/mesh/D002194	http://purl.obolibrary.org/obo/DOID_6680	0.57
http://id.nlm.nih.gov/mesh/D007835	http://purl.obolibrary.org/obo/DOID_9537	0.63
http://id.nlm.nih.gov/mesh/D012891	http://purl.obolibrary.org/obo/DOID_0050847	0.72
http://id.nlm.nih.gov/mesh/D017733	http://purl.obolibrary.org/obo/DOID_0060315	0.6
http://id.nlm.nih.gov/mesh/D052018	http://purl.obolibrary.org/obo/DOID_12129	0.7
http://id.nlm.nih.gov/mesh/D061686	http://purl.obolibrary.org/obo/DOID_13709	0.73
http://id.nlm.nih.gov/mesh/D018888	http://purl.obolibrary.org/obo/DOID_0081388	0.74
http://id.nlm.nih.gov/mesh/D007174	http://purl.obolibrary.org/obo/DOID_10937	0.73
http://id.nlm.nih.gov/mesh/D009304	http://purl.obolibrary.org/obo/DOID_10460	0.56
http://id.nlm.nih.gov/mesh/D008590	http://purl.obolibrary.org/obo/DOID_10554	0.73
http://id.nlm.nih.gov/mesh/D010249	http://purl.obolibrary.org/obo/DOID_1260	0.6
http://id.nlm.nih.gov/mesh/D001229	http://purl.obolibrary.org/obo/DOID_13166	0.64
http://id.nlm.nih.gov/mesh/D004698	http://purl.obolibrary.org/obo/DOID_4562	0.77
http://id.nlm.nih.gov/mesh/D020187	http://purl.obolibrary.org/obo/DOID_9091	0.78
http://id.nlm.nih.gov/mesh/D001885	http://purl.obolibrary.org/obo/DOID_1116	0.55
http://id.nlm.nih.gov/mesh/D007877	http://purl.obolibrary.org/obo/DOID_10457	0.64
http://id.nlm.nih.gov/mesh/D010202	http://purl.obolibrary.org/obo/DOID_13732	0.58
http://id.nlm.nih.gov/mesh/D010854	http://purl.obolibrary.org/obo/DOID_13902	0.59
http://id.nlm.nih.gov/mesh/D003234	http://purl.obolibrary.org/obo/DOID_9700	0.64
http://id.nlm.nih.gov/mesh/D012227	http://purl.obolibrary.org/obo/DOID_2409	0.57
http://id.nlm.nih.gov/mesh/D002481	http://purl.obolibrary.org/obo/DOID_3488	0.62
http://id.nlm.nih.gov/mesh/D000080888	http://purl.obolibrary.org/obo/DOID_0060244	0.85
http://id.nlm.nih.gov/mesh/D007896	http://purl.obolibrary.org/obo/DOID_9065	0.84
http://id.nlm.nih.gov/mesh/D017593	http://purl.obolibrary.org/obo/DOID_0060165	0.75
http://id.nlm.nih.gov/mesh/D011052	http://purl.obolibrary.org/obo/DOID_9786	0.66
http://id.nlm.nih.gov/mesh/D016881	http://purl.obolibrary.org/obo/DOID_4271	0.7
http://id.nlm.nih.gov/mesh/D019969	http://purl.obolibrary.org/obo/DOID_670	0.61
http://id.nlm.nih.gov/mesh/D012557	http://purl.obolibrary.org/obo/DOID_10936	0.84
http://id.nlm.nih.gov/mesh/D006525	http://purl.obolibrary.org/obo/DOID_1884	0.96
http://id.nlm.nih.gov/mesh/D009521	http://purl.obolibrary.org/obo/DOID_2929	0.61
http://id.nlm.nih.gov/mesh/D016920	http://purl.obolibrary.org/obo/DOID_9470	0.7
http://id.nlm.nih.gov/mesh/D015535	http://purl.obolibrary.org/obo/DOID_9008	0.53
http://id.nlm.nih.gov/mesh/D006519	http://purl.obolibrary.org/obo/DOID_12351	0.55
http://id.nlm.nih.gov/mesh/D019595	http://purl.obolibrary.org/obo/DOID_0050125	0.68
http://id.nlm.nih.gov/mesh/D003704	http://purl.obolibrary.org/obo/DOID_1307	0.88
http://id.nlm.nih.gov/mesh/D005585	http://purl.obolibrary.org/obo/DOID_4492	0.6
http://id.nlm.nih.gov/mesh/D007562	http://purl.obolibrary.org/obo/DOID_5435	0.58
http://id.nlm.nih.gov/mesh/D014400	http://purl.obolibrary.org/obo/DOID_9305	0.67
http://id.nlm.nih.gov/mesh/D016921	http://purl.obolibrary.org/obo/DOID_11608	0.71
http://id.nlm.nih.gov/mesh/D006232	http://purl.obolibrary.org/obo/DOID_10881	0.61
http://id.nlm.nih.gov/mesh/D014777	http://purl.obolibrary.org/obo/DOID_934	0.68
http://id.nlm.nih.gov/mesh/D013592	http://purl.obolibrary.org/obo/DOID_9531	0.7
http://id.nlm.nih.gov/mesh/D001072	http://purl.obolibrary.org/obo/DOID_4090	0.54
http://id.nlm.nih.gov/mesh/D000187	http://purl.obolibrary.org/obo/DOID_4974	0.54
http://id.nlm.nih.gov/mesh/D010326	http://purl.obolibrary.org/obo/DOID_11055	0.55
http://id.nlm.nih.gov/mesh/D014386	http://purl.obolibrary.org/obo/DOID_407	0.63
http://id.nlm.nih.gov/mesh/D010998	http://purl.obolibrary.org/obo/DOID_10247	0.54
http://id.nlm.nih.gov/mesh/D009617	http://purl.obolibrary.org/obo/DOID_2312	0.55
http://id.nlm.nih.gov/mesh/D008169	http://purl.obolibrary.org/obo/DOID_0060317	0.54
http://id.nlm.nih.gov/mesh/D002602	http://purl.obolibrary.org/obo/DOID_13778	0.66
http://id.nlm.nih.gov/mesh/D014257	http://purl.obolibrary.org/obo/DOID_1252	0.62
http://id.nlm.nih.gov/mesh/D008104	http://purl.obolibrary.org/obo/DOID_14018	0.65
http://id.nlm.nih.gov/mesh/D008924	http://purl.obolibrary.org/obo/DOID_7894	0.79
http://id.nlm.nih.gov/mesh/D007729	http://purl.obolibrary.org/obo/DOID_648	0.65
http://id.nlm.nih.gov/mesh/D008088	http://purl.obolibrary.org/obo/DOID_11573	0.56
http://id.nlm.nih.gov/mesh/D013984	http://purl.obolibrary.org/obo/DOID_4109	0.7
http://id.nlm.nih.gov/mesh/D020953	http://purl.obolibrary.org/obo/DOID_13565	0.65
http://id.nlm.nih.gov/mesh/D011604	http://purl.obolibrary.org/obo/DOID_252	0.78
http://id.nlm.nih.gov/mesh/D008585	http://purl.obolibrary.org/obo/DOID_0080176	0.63
http://id.nlm.nih.gov/mesh/D000096865	http://purl.obolibrary.org/obo/DOID_0050856	0.55
http://id.nlm.nih.gov/mesh/D015521	http://purl.obolibrary.org/obo/DOID_9507	0.62
http://id.nlm.nih.gov/mesh/D007251	http://purl.obolibrary.org/obo/DOID_8469	0.63
http://id.nlm.nih.gov/mesh/D008584	http://purl.obolibrary.org/obo/DOID_11572	0.65
http://id.nlm.nih.gov/mesh/D013981	http://purl.obolibrary.org/obo/DOID_2769	0.64
http://id.nlm.nih.gov/mesh/D018410	http://purl.obolibrary.org/obo/DOID_874	0.74
http://id.nlm.nih.gov/mesh/D013981	http://purl.obolibrary.org/obo/DOID_2768	0.57
http://id.nlm.nih.gov/mesh/D006557	http://purl.obolibrary.org/obo/DOID_10883	0.58
http://id.nlm.nih.gov/mesh/D014352	http://purl.obolibrary.org/obo/DOID_10113	0.69
http://id.nlm.nih.gov/mesh/D018792	http://purl.obolibrary.org/obo/DOID_646	0.73
http://id.nlm.nih.gov/mesh/D000856	http://purl.obolibrary.org/obo/DOID_8689	0.7
http://id.nlm.nih.gov/mesh/D008368	http://purl.obolibrary.org/obo/DOID_14422	0.64
http://id.nlm.nih.gov/mesh/D002178	http://purl.obolibrary.org/obo/DOID_2058	0.66
http://id.nlm.nih.gov/mesh/D005391	http://purl.obolibrary.org/obo/DOID_12402	0.7
http://id.nlm.nih.gov/mesh/D012563	http://purl.obolibrary.org/obo/DOID_778	0.57
http://id.nlm.nih.gov/mesh/D014394	http://purl.obolibrary.org/obo/DOID_1639	0.66
http://id.nlm.nih.gov/mesh/D016779	http://purl.obolibrary.org/obo/DOID_14069	0.64
http://id.nlm.nih.gov/mesh/D014125	http://purl.obolibrary.org/obo/DOID_13336	0.67
http://id.nlm.nih.gov/mesh/D018804	http://purl.obolibrary.org/obo/DOID_14472	0.59
http://id.nlm.nih.gov/mesh/D009332	http://purl.obolibrary.org/obo/DOID_2790	0.64
http://id.nlm.nih.gov/mesh/D014385	http://purl.obolibrary.org/obo/DOID_404	0.63
http://id.nlm.nih.gov/mesh/D009956	http://purl.obolibrary.org/obo/DOID_11262	0.55
http://id.nlm.nih.gov/mesh/D008368	http://purl.obolibrary.org/obo/DOID_1081	0.62
http://id.nlm.nih.gov/mesh/D012223	http://purl.obolibrary.org/obo/DOID_4730	0.65
http://id.nlm.nih.gov/mesh/D001989	http://purl.obolibrary.org/obo/DOID_2799	0.62
http://id.nlm.nih.gov/mesh/D004672	http://purl.obolibrary.org/obo/DOID_10844	0.63
http://id.nlm.nih.gov/mesh/D015439	http://purl.obolibrary.org/obo/DOID_1023	0.79
http://id.nlm.nih.gov/mesh/D017227	http://purl.obolibrary.org/obo/DOID_3107	0.65
http://id.nlm.nih.gov/mesh/D018783	http://purl.obolibrary.org/obo/DOID_4762	0.77
http://id.nlm.nih.gov/mesh/D006478	http://purl.obolibrary.org/obo/DOID_0050194	0.63
http://id.nlm.nih.gov/mesh/D006478	http://purl.obolibrary.org/obo/DOID_0050195	0.63
http://id.nlm.nih.gov/mesh/D008587	http://purl.obolibrary.org/obo/DOID_10310	0.67
http://id.nlm.nih.gov/mesh/D008417	http://purl.obolibrary.org/obo/DOID_0060322	0.54
http://id.nlm.nih.gov/mesh/D006925	http://purl.obolibrary.org/obo/DOID_10074	0.69
http://id.nlm.nih.gov/mesh/D012480	http://purl.obolibrary.org/obo/DOID_0060859	0.58
http://id.nlm.nih.gov/mesh/D025242	http://purl.obolibrary.org/obo/DOID_1123	0.58
http://id.nlm.nih.gov/mesh/D010304	http://purl.obolibrary.org/obo/DOID_13117	0.57
http://id.nlm.nih.gov/mesh/D008457	http://purl.obolibrary.org/obo/DOID_8622	0.6
http://id.nlm.nih.gov/mesh/D010698	http://purl.obolibrary.org/obo/DOID_591	0.85
http://id.nlm.nih.gov/mesh/D002771	http://purl.obolibrary.org/obo/DOID_1498	0.56
http://id.nlm.nih.gov/mesh/D016778	http://purl.obolibrary.org/obo/DOID_14067	0.67
http://id.nlm.nih.gov/mesh/D012222	http://purl.obolibrary.org/obo/DOID_4731	0.65
http://id.nlm.nih.gov/mesh/D006478	http://purl.obolibrary.org/obo/DOID_0050197	0.63
http://id.nlm.nih.gov/mesh/D015524	http://purl.obolibrary.org/obo/DOID_10794	0.62
http://id.nlm.nih.gov/mesh/D012226	http://purl.obolibrary.org/obo/DOID_11336	0.62
http://id.nlm.nih.gov/mesh/D000724	http://purl.obolibrary.org/obo/DOID_12841	0.59
http://id.nlm.nih.gov/mesh/D001447	http://purl.obolibrary.org/obo/DOID_12386	0.61
http://id.nlm.nih.gov/mesh/D003121	http://purl.obolibrary.org/obo/DOID_4885	0.65
http://id.nlm.nih.gov/mesh/D014391	http://purl.obolibrary.org/obo/DOID_9861	0.62
http://id.nlm.nih.gov/mesh/D007733	http://purl.obolibrary.org/obo/DOID_11320	0.62
http://id.nlm.nih.gov/mesh/D034081	http://purl.obolibrary.org/obo/DOID_3530	0.65
http://id.nlm.nih.gov/mesh/D002270	http://purl.obolibrary.org/obo/DOID_2176	0.57
http://id.nlm.nih.gov/mesh/D010623	http://purl.obolibrary.org/obo/DOID_5062	0.61
http://id.nlm.nih.gov/mesh/D003232	http://purl.obolibrary.org/obo/DOID_11227	0.63
http://id.nlm.nih.gov/mesh/D006998	http://purl.obolibrary.org/obo/DOID_12883	0.79
http://id.nlm.nih.gov/mesh/D012553	http://purl.obolibrary.org/obo/DOID_1394	0.67
http://id.nlm.nih.gov/mesh/D017497	http://purl.obolibrary.org/obo/DOID_2280	0.58
http://id.nlm.nih.gov/mesh/D019263	http://purl.obolibrary.org/obo/DOID_12139	0.85
http://id.nlm.nih.gov/mesh/D003147	http://purl.obolibrary.org/obo/DOID_2033	0.82
http://id.nlm.nih.gov/mesh/D016574	http://purl.obolibrary.org/obo/DOID_0060167	0.86
http://id.nlm.nih.gov/mesh/D008379	http://purl.obolibrary.org/obo/DOID_4327	0.61
http://id.nlm.nih.gov/mesh/D012213	http://purl.obolibrary.org/obo/DOID_1586	0.55
http://id.nlm.nih.gov/mesh/D019698	http://purl.obolibrary.org/obo/DOID_1883	0.71
http://id.nlm.nih.gov/mesh/D020774	http://purl.obolibrary.org/obo/DOID_11870	0.79
http://id.nlm.nih.gov/mesh/D011051	http://purl.obolibrary.org/obo/DOID_4953	0.67
http://id.nlm.nih.gov/mesh/D059249	http://purl.obolibrary.org/obo/DOID_0050147	0.55
http://id.nlm.nih.gov/mesh/D006509	http://purl.obolibrary.org/obo/DOID_2043	0.74
http://id.nlm.nih.gov/mesh/D007562	http://purl.obolibrary.org/obo/DOID_11949	0.61
http://id.nlm.nih.gov/mesh/D013342	http://purl.obolibrary.org/obo/DOID_0060243	0.69
http://id.nlm.nih.gov/mesh/D000096745	http://purl.obolibrary.org/obo/DOID_0050518	0.73
http://id.nlm.nih.gov/mesh/D016751	http://purl.obolibrary.org/obo/DOID_4411	0.66
http://id.nlm.nih.gov/mesh/D014029	http://purl.obolibrary.org/obo/DOID_0050742	0.61
http://id.nlm.nih.gov/mesh/D014401	http://purl.obolibrary.org/obo/DOID_2149	0.65
http://id.nlm.nih.gov/mesh/D058429	http://purl.obolibrary.org/obo/DOID_11379	0.65
http://id.nlm.nih.gov/mesh/D014395	http://purl.obolibrary.org/obo/DOID_9801	0.64
http://id.nlm.nih.gov/mesh/D019956	http://purl.obolibrary.org/obo/DOID_2303	0.56
http://id.nlm.nih.gov/mesh/D014353	http://purl.obolibrary.org/obo/DOID_10112	0.64
http://id.nlm.nih.gov/mesh/D017129	http://purl.obolibrary.org/obo/DOID_7033	0.68
http://id.nlm.nih.gov/mesh/D009188	http://purl.obolibrary.org/obo/DOID_0080743	0.65
http://id.nlm.nih.gov/mesh/D060825	http://purl.obolibrary.org/obo/DOID_0080832	0.85
http://id.nlm.nih.gov/mesh/D001228	http://purl.obolibrary.org/obo/DOID_13564	0.76
http://id.nlm.nih.gov/mesh/D004887	http://purl.obolibrary.org/obo/DOID_0050061	0.56
http://id.nlm.nih.gov/mesh/D009105	http://purl.obolibrary.org/obo/DOID_10934	0.85
http://id.nlm.nih.gov/mesh/D001010	http://purl.obolibrary.org/obo/DOID_10685	0.86
http://id.nlm.nih.gov/mesh/D020961	http://purl.obolibrary.org/obo/DOID_12217	0.85
http://id.nlm.nih.gov/mesh/D020238	http://purl.obolibrary.org/obo/DOID_4970	0.58
http://id.nlm.nih.gov/mesh/D013166	http://purl.obolibrary.org/obo/DOID_6590	0.58
http://id.nlm.nih.gov/mesh/D005873	http://purl.obolibrary.org/obo/DOID_10718	0.62
http://id.nlm.nih.gov/mesh/D014069	http://purl.obolibrary.org/obo/DOID_10456	0.56
http://id.nlm.nih.gov/mesh/D001404	http://purl.obolibrary.org/obo/DOID_9643	0.68
http://id.nlm.nih.gov/mesh/D010522	http://purl.obolibrary.org/obo/DOID_9957	0.56
http://id.nlm.nih.gov/mesh/D014392	http://purl.obolibrary.org/obo/DOID_0070344	0.57
http://id.nlm.nih.gov/mesh/D004826	http://purl.obolibrary.org/obo/DOID_9398	0.57
http://id.nlm.nih.gov/mesh/D020031	http://purl.obolibrary.org/obo/DOID_2938	0.7
http://id.nlm.nih.gov/mesh/D004213	http://purl.obolibrary.org/obo/DOID_10935	0.77
http://id.nlm.nih.gov/mesh/D006660	http://purl.obolibrary.org/obo/DOID_11315	0.57
http://id.nlm.nih.gov/mesh/D020241	http://purl.obolibrary.org/obo/DOID_10843	0.61
http://id.nlm.nih.gov/mesh/D012555	http://purl.obolibrary.org/obo/DOID_0050597	0.78
http://id.nlm.nih.gov/mesh/D020363	http://purl.obolibrary.org/obo/DOID_0080741	0.6
http://id.nlm.nih.gov/mesh/D014393	http://purl.obolibrary.org/obo/DOID_402	0.63
http://id.nlm.nih.gov/mesh/D011020	http://purl.obolibrary.org/obo/DOID_11339	0.62
http://id.nlm.nih.gov/mesh/D014397	http://purl.obolibrary.org/obo/DOID_2957	0.72
http://id.nlm.nih.gov/mesh/D011017	http://purl.obolibrary.org/obo/DOID_3241	0.71
http://id.nlm.nih.gov/mesh/D002644	http://purl.obolibrary.org/obo/DOID_8659	0.63
http://id.nlm.nih.gov/mesh/D014901	http://purl.obolibrary.org/obo/DOID_2366	0.59
http://id.nlm.nih.gov/mesh/D020242	http://purl.obolibrary.org/obo/DOID_10841	0.61
http://id.nlm.nih.gov/mesh/D001906	http://purl.obolibrary.org/obo/DOID_0050354	0.55
http://id.nlm.nih.gov/mesh/D016585	http://purl.obolibrary.org/obo/DOID_3385	0.65
http://id.nlm.nih.gov/mesh/D015161	http://purl.obolibrary.org/obo/DOID_8725	0.81
http://id.nlm.nih.gov/mesh/D001759	http://purl.obolibrary.org/obo/DOID_12663	0.66
http://id.nlm.nih.gov/mesh/D014123	http://purl.obolibrary.org/obo/DOID_9965	0.76
http://id.nlm.nih.gov/mesh/D011015	http://purl.obolibrary.org/obo/DOID_3240	0.77
http://id.nlm.nih.gov/mesh/D014376	http://purl.obolibrary.org/obo/DOID_399	0.84
http://id.nlm.nih.gov/mesh/D001196	http://purl.obolibrary.org/obo/DOID_456	0.65
http://id.nlm.nih.gov/mesh/D011024	http://purl.obolibrary.org/obo/DOID_10533	0.67
http://id.nlm.nih.gov/mesh/D012541	http://purl.obolibrary.org/obo/DOID_8596	0.55
http://id.nlm.nih.gov/mesh/D005084	http://purl.obolibrary.org/obo/DOID_10236	0.69
http://id.nlm.nih.gov/mesh/D008146	http://purl.obolibrary.org/obo/DOID_10250	0.63
http://id.nlm.nih.gov/mesh/D014901	http://purl.obolibrary.org/obo/DOID_2365	0.76
http://id.nlm.nih.gov/mesh/D004654	http://purl.obolibrary.org/obo/DOID_14305	0.63
http://id.nlm.nih.gov/mesh/D012523	http://purl.obolibrary.org/obo/DOID_9640	0.67
http://id.nlm.nih.gov/mesh/D009771	http://purl.obolibrary.org/obo/DOID_10933	0.8
http://id.nlm.nih.gov/mesh/D004473	http://purl.obolibrary.org/obo/DOID_11907	0.57
http://id.nlm.nih.gov/mesh/D000163	http://purl.obolibrary.org/obo/DOID_635	0.8
http://id.nlm.nih.gov/mesh/D019964	http://purl.obolibrary.org/obo/DOID_3324	0.85
http://id.nlm.nih.gov/mesh/D018512	http://purl.obolibrary.org/obo/DOID_1398	0.51
http://id.nlm.nih.gov/mesh/D012563	http://purl.obolibrary.org/obo/DOID_1229	0.79
http://id.nlm.nih.gov/mesh/D012559	http://purl.obolibrary.org/obo/DOID_5419	0.6
http://id.nlm.nih.gov/mesh/D015004	http://purl.obolibrary.org/obo/DOID_9682	0.62
http://id.nlm.nih.gov/mesh/D009855	http://purl.obolibrary.org/obo/DOID_11678	0.74
http://id.nlm.nih.gov/mesh/D013742	http://purl.obolibrary.org/obo/DOID_11338	0.55
http://id.nlm.nih.gov/mesh/D011605	http://purl.obolibrary.org/obo/DOID_1742	0.65
http://id.nlm.nih.gov/mesh/D006677	http://purl.obolibrary.org/obo/DOID_334	0.7
http://id.nlm.nih.gov/mesh/D001072	http://purl.obolibrary.org/obo/DOID_0060135	0.65
http://id.nlm.nih.gov/mesh/D054517	http://purl.obolibrary.org/obo/DOID_11234	0.54
http://id.nlm.nih.gov/mesh/D001068	http://purl.obolibrary.org/obo/DOID_8670	0.71
http://id.nlm.nih.gov/mesh/D000437	http://purl.obolibrary.org/obo/DOID_0050741	0.64
http://id.nlm.nih.gov/mesh/D012830	http://purl.obolibrary.org/obo/DOID_10325	0.54
http://id.nlm.nih.gov/mesh/D020802	http://purl.obolibrary.org/obo/DOID_11387	0.55
http://id.nlm.nih.gov/mesh/D004011	http://purl.obolibrary.org/obo/DOID_1219	0.69
http://id.nlm.nih.gov/mesh/D000381	http://purl.obolibrary.org/obo/DOID_0060223	0.67
http://id.nlm.nih.gov/mesh/D004670	http://purl.obolibrary.org/obo/DOID_0050118	0.63
http://id.nlm.nih.gov/mesh/D019970	http://purl.obolibrary.org/obo/DOID_809	0.61
http://id.nlm.nih.gov/mesh/D001996	http://purl.obolibrary.org/obo/DOID_12375	0.65
